model,accuracy,precision,recall,f1,roc_auc
XGBoost,0.988950276243094,0.9809523809523809,1.0,0.9903846153846154,0.9930296240975852
