model,accuracy,precision,recall,f1,roc_auc
XGBoost,0.988950276243094,0.9809523809523809,1.0,0.9903846153846154,0.9930296240975852
Random Forest,0.9447513812154696,0.9428571428571428,0.9611650485436893,0.9519230769230769,0.9915359721184964
Logistic Regression,0.5082872928176796,0.574468085106383,0.5242718446601942,0.5482233502538071,0.5067214339058999
