accuracy,f1,roc_auc,positive_rate,test_rows,train_rows
0.9426229508196722,0.943089430894309,0.9884576781532285,0.5,854,3412
